feature,importance_mean,importance_std
runway_months,0.1893988715277779,0.01288709744590619
ltv_cac_ratio,0.17029813878676484,0.008036396596630467
mrr_growth_pct,0.015187780841503318,0.0033597314137885016
founder_experience_yrs,0.01057846966911773,0.0017878907203183378
monthly_churn_pct,0.0073988970588236835,0.0008821090614224228
cash_balance,0.0046511182598040655,0.0010746911904213957
revenue_cover,0.0037412556168301856,0.0009604823863641741
cac,0.0037326388888889728,0.0013359622097651978
ltv,0.001507289113562149,0.00030795021499168123
prior_rounds,0.0011916615604575576,0.0010629158790740377
total_funding_raised,0.0010177313112746055,0.001048243672286123
sector,0.00033573325163409605,0.0008006617716249153
is_profitable,-4.787071078293792e-06,2.7248486272115345e-05
months_operating,-2.489276960773168e-05,0.00042478056624893146
net_burn,-5.5849162581611544e-05,0.0002323973870013554
stage,-8.457158905215146e-05,0.0002612783998813956
team_size,-0.00010403901143780647,0.0002901760176594993
monthly_burn,-0.00024286407271227882,0.00031240406133808317
gross_margin_pct,-0.00034786049836592613,0.0003237906997776296
burn_per_head,-0.00043179381127440576,0.0001908477690208697
mrr,-0.0007946537990194847,0.000915474691407042
burn_multiple,-0.0008597579656862032,0.00030860569044919705
